Canal View Prinsengracht	A quiet cozy and picturesque that hides behind a a river by the unique lightness of Amsterdam.	2024-05-10T18:14:10.852Z	Cologne	53.565341	9.978654	apartment-03.jpg	apartment-01.jpg;apartment-02.jpg;apartment-03.jpg;apartment-04.jpg;apartment-05.jpg;apartment-06.jpg	false	false	2.3	house	4	9	91092	Washer	Roland Disney	rolan@pochta.local	cd35eac7-efb0-4e11-a193-c5b8ee3c81ab	basic	photo.jpg
Wood and stone place	An independent House, strategically located between Rembrand Square and National Opera, but where the bustle of the city comes to rest in this alley flowery and colorful.	2024-05-10T18:14:10.857Z	Hamburg	51.237402	6.797314	apartment-01.jpg	apartment-01.jpg;apartment-02.jpg;apartment-03.jpg;apartment-04.jpg;apartment-05.jpg;apartment-06.jpg	true	false	2.9	apartment	3	4	45501	Fridge;Laptop friendly workspace;Towels;Washer	Roland Disney	fish@big.local	9b29d138-3e57-4720-a5a2-0723b8d31004	pro	avatar-angelina.jpg
Waterfront with extraordinary view	A quiet cozy and picturesque that hides behind a a river by the unique lightness of Amsterdam.	2024-05-07T18:14:10.858Z	Cologne	52.37454	4.897976	apartment-04.jpg	apartment-01.jpg;apartment-02.jpg;apartment-03.jpg;apartment-04.jpg;apartment-05.jpg;apartment-06.jpg	false	true	3.6	room	2	9	16425	Air conditioning;Baby seat;Breakfast;Fridge;Laptop friendly workspace	Roland Disney	test@lost.loca	b32bdefd-3d41-4d9e-b49d-53c40fc83c80	pro	avatar-angelina.jpg
Amazing and Extremely Central Flat	A quiet cozy and picturesque that hides behind a a river by the unique lightness of Amsterdam.	2024-05-11T18:14:10.859Z	Hamburg	52.36854	4.887976	apartment-01.jpg	apartment-01.jpg;apartment-02.jpg;apartment-03.jpg;apartment-04.jpg;apartment-05.jpg;apartment-06.jpg	false	false	3.9	hotel	3	2	99537	Baby seat;Breakfast;Fridge;Laptop friendly workspace;Towels	Roland Disney	test@lost.loca	1f354da0-7329-4962-8bde-6bfbd3635d91	basic	photo.jpg
Loft Studio in the Central Area	The building is green and from 18th century	2024-05-07T18:14:10.859Z	Dusseldorf	52.37454	4.897976	apartment-03.jpg	apartment-01.jpg;apartment-02.jpg;apartment-03.jpg;apartment-04.jpg;apartment-05.jpg;apartment-06.jpg	false	false	3.2	apartment	7	9	20817	Laptop friendly workspace;Towels;Washer	Jack Torrens	test@lost.loca	9175adcf-5de7-4287-accf-e3ef8ee6c899	basic	avatar-angelina.jpg
The house among olive	The building is green and from 18th century	2024-05-12T18:14:10.859Z	Cologne	50.938361	6.959974	apartment-03.jpg	apartment-01.jpg;apartment-02.jpg;apartment-03.jpg;apartment-04.jpg;apartment-05.jpg;apartment-06.jpg	true	true	4.7	apartment	2	9	88216	Air conditioning;Baby seat;Breakfast;Fridge;Laptop friendly workspace	John Smith	fish@big.local	dcd15ea8-cd15-4803-b720-ccadf57559ef	basic	awesome-avatar.jpg
Tile House	A quiet cozy and picturesque that hides behind a a river by the unique lightness of Amsterdam.	2024-05-06T18:14:10.860Z	Hamburg	50.930361	6.937974	apartment-02.jpg	apartment-01.jpg;apartment-02.jpg;apartment-03.jpg;apartment-04.jpg;apartment-05.jpg;apartment-06.jpg	true	true	2	hotel	3	7	45989	Air conditioning;Baby seat;Breakfast;Fridge;Laptop friendly workspace;Towels	Oleg Sidorov	president@dka.local	14969700-0210-4226-ab9c-0e0104114abf	pro	avatar-angelina.jpg
House in countryside	An independent House, strategically located between Rembrand Square and National Opera, but where the bustle of the city comes to rest in this alley flowery and colorful.	2024-05-10T18:14:10.860Z	Cologne	52.36854	4.887976	apartment-01.jpg	apartment-01.jpg;apartment-02.jpg;apartment-03.jpg;apartment-04.jpg;apartment-05.jpg;apartment-06.jpg	true	true	3.1	apartment	2	9	10186	Towels;Washer	Hole Gibnie	author@mir.local	71cab6c7-b521-41f1-b58a-d1cff6a2ce82	basic	photo.jpg
The house among olive	A quiet cozy and picturesque that hides behind a a river by the unique lightness of Amsterdam.	2024-05-10T18:14:10.861Z	Paris	53.565341	9.978654	apartment-06.jpg	apartment-01.jpg;apartment-02.jpg;apartment-03.jpg;apartment-04.jpg;apartment-05.jpg;apartment-06.jpg	true	false	3.7	room	7	4	52819	Towels;Washer	Jack Torrens	test@pisem.local	73a46f43-f406-4f51-8943-0c1064888c74	basic	user.jpg
Amazing and Extremely Central Flat	The building is green and from 18th century	2024-05-08T18:14:10.862Z	Cologne	50.827557	4.336697	apartment-04.jpg	apartment-01.jpg;apartment-02.jpg;apartment-03.jpg;apartment-04.jpg;apartment-05.jpg;apartment-06.jpg	true	true	2.4	hotel	5	5	19864	Air conditioning;Baby seat;Breakfast;Fridge	John Smith	freedom@pisem.local	d83d54cc-053d-4903-b8ee-f80877a521a1	basic	user.jpg
Amazing and Extremely Central Flat	A quiet cozy and picturesque that hides behind a a river by the unique lightness of Amsterdam.	2024-05-08T18:14:10.862Z	Brussels	52.36854	4.887976	apartment-02.jpg	apartment-01.jpg;apartment-02.jpg;apartment-03.jpg;apartment-04.jpg;apartment-05.jpg;apartment-06.jpg	false	true	2.7	hotel	1	8	52809	Air conditioning;Baby seat;Breakfast;Fridge;Laptop friendly workspace;Towels	Hole Gibnie	rolan@pochta.local	f8cdd992-c926-4a68-892d-c7b03eea5ced	pro	photo.jpg
Canal View Prinsengracht	The building is green and from 18th century	2024-05-08T18:14:10.862Z	Cologne	52.36854	4.887976	apartment-06.jpg	apartment-01.jpg;apartment-02.jpg;apartment-03.jpg;apartment-04.jpg;apartment-05.jpg;apartment-06.jpg	false	true	1	hotel	2	6	55638	Laptop friendly workspace;Towels;Washer	John Smith	rolan@pochta.local	4bbcd5c8-be5b-4249-94d0-47986d981bad	pro	avatar-angelina.jpg
Loft Studio in the Central Area	The building is green and from 18th century	2024-05-11T18:14:10.863Z	Dusseldorf	48.85761	2.358499	apartment-04.jpg	apartment-01.jpg;apartment-02.jpg;apartment-03.jpg;apartment-04.jpg;apartment-05.jpg;apartment-06.jpg	true	true	1.1	hotel	2	10	61047	Breakfast;Fridge;Laptop friendly workspace	Ivan Ivanov	rolan@pochta.local	1ef51f41-f368-413c-a6b3-e23624e1c31a	basic	awesome-avatar.jpg
The house among olive	The building is green and from 18th century	2024-05-06T18:14:10.863Z	Hamburg	50.938361	6.959974	apartment-02.jpg	apartment-01.jpg;apartment-02.jpg;apartment-03.jpg;apartment-04.jpg;apartment-05.jpg;apartment-06.jpg	true	false	3.3	house	3	10	53678	Breakfast;Fridge;Laptop friendly workspace;Towels	Hole Gibnie	snow@pisem.local	5493d949-8d2c-408f-b08e-ef1c162d27b7	pro	awesome-avatar.jpg
Loft Studio in the Central Area	The building is green and from 18th century	2024-05-11T18:14:10.863Z	Paris	48.85661	2.351499	apartment-05.jpg	apartment-01.jpg;apartment-02.jpg;apartment-03.jpg;apartment-04.jpg;apartment-05.jpg;apartment-06.jpg	true	false	4.6	room	7	3	25679	Towels;Washer	Hole Gibnie	snow@pisem.local	fd3f7d57-2674-4ffd-9268-604eae5ca38b	pro	avatar-angelina.jpg
The house among olive	The building is green and from 18th century	2024-05-07T18:14:10.864Z	Hamburg	50.930361	6.937974	apartment-03.jpg	apartment-01.jpg;apartment-02.jpg;apartment-03.jpg;apartment-04.jpg;apartment-05.jpg;apartment-06.jpg	false	true	1.5	hotel	6	5	28040	Laptop friendly workspace;Towels;Washer	Hole Gibnie	fish@big.local	48830514-84d5-4b3f-ac6b-7d0b1d039f3a	pro	photo.jpg
Loft Studio in the Central Area	The building is green and from 18th century	2024-05-06T18:14:10.864Z	Brussels	53.565341	9.978654	apartment-05.jpg	apartment-01.jpg;apartment-02.jpg;apartment-03.jpg;apartment-04.jpg;apartment-05.jpg;apartment-06.jpg	true	false	1.9	house	8	7	29992	Breakfast;Fridge;Laptop friendly workspace;Towels;Washer	John Smith	test@lost.loca	8e2d8032-91e6-49eb-922e-85ee908e5d3d	pro	photo.jpg
Wood and stone place	A quiet cozy and picturesque that hides behind a a river by the unique lightness of Amsterdam.	2024-05-08T18:14:10.864Z	Brussels	50.930361	6.937974	apartment-06.jpg	apartment-01.jpg;apartment-02.jpg;apartment-03.jpg;apartment-04.jpg;apartment-05.jpg;apartment-06.jpg	true	false	4	hotel	1	3	48815	Towels;Washer	Roland Disney	author@mir.local	29d2b739-7c1c-4240-b9af-568b7f6bfd98	pro	user.jpg
Amazing and Extremely Central Flat	An independent House, strategically located between Rembrand Square and National Opera, but where the bustle of the city comes to rest in this alley flowery and colorful.	2024-05-07T18:14:10.864Z	Cologne	51.225402	6.776314	apartment-02.jpg	apartment-01.jpg;apartment-02.jpg;apartment-03.jpg;apartment-04.jpg;apartment-05.jpg;apartment-06.jpg	true	false	3.9	hotel	4	7	68157	Fridge;Laptop friendly workspace;Towels;Washer	Roland Disney	kujo-fan@story.local	d482a8c7-6964-4955-af55-316c3f6e6b8f	basic	awesome-avatar.jpg
Wood and stone place	The building is green and from 18th century	2024-05-08T18:14:10.865Z	Brussels	51.225402	6.776314	apartment-04.jpg	apartment-01.jpg;apartment-02.jpg;apartment-03.jpg;apartment-04.jpg;apartment-05.jpg;apartment-06.jpg	true	true	4.5	apartment	5	4	86288	Air conditioning;Baby seat;Breakfast	Oleg Sidorov	test@lost.loca	8209c262-7400-4421-a4e8-7240b263d4e8	basic	avatar-angelina.jpg
Wood and stone place	A quiet cozy and picturesque that hides behind a a river by the unique lightness of Amsterdam.	2024-05-10T18:14:10.865Z	Brussels	50.827557	4.336697	apartment-05.jpg	apartment-01.jpg;apartment-02.jpg;apartment-03.jpg;apartment-04.jpg;apartment-05.jpg;apartment-06.jpg	true	true	4.5	room	3	6	27536	Baby seat;Breakfast;Fridge;Laptop friendly workspace;Towels	Roland Disney	fish@big.local	da866b2c-a3f5-4c0e-be21-4a031b4fadd2	basic	photo.jpg
Beautiful & luxurious apartment at great location	The building is green and from 18th century	2024-05-10T18:14:10.865Z	Hamburg	52.36854	4.887976	apartment-04.jpg	apartment-01.jpg;apartment-02.jpg;apartment-03.jpg;apartment-04.jpg;apartment-05.jpg;apartment-06.jpg	false	false	4	hotel	1	8	45323	Laptop friendly workspace;Towels;Washer	Oleg Sidorov	rolan@pochta.local	01058f97-af29-4481-b8b6-c51af752844f	basic	photo.jpg
Penthouse, 4-5 rooms + 5 balconies	An independent House, strategically located between Rembrand Square and National Opera, but where the bustle of the city comes to rest in this alley flowery and colorful.	2024-05-08T18:14:10.865Z	Hamburg	53.550341	10.000654	apartment-04.jpg	apartment-01.jpg;apartment-02.jpg;apartment-03.jpg;apartment-04.jpg;apartment-05.jpg;apartment-06.jpg	true	false	2	hotel	1	3	19928	Laptop friendly workspace;Towels;Washer	John Smith	author@mir.local	ed6a99ca-9aa9-4bfa-ac73-fe71f6913891	pro	avatar-angelina.jpg
Canal View Prinsengracht	The building is green and from 18th century	2024-05-07T18:14:10.865Z	Cologne	50.938361	6.959974	apartment-02.jpg	apartment-01.jpg;apartment-02.jpg;apartment-03.jpg;apartment-04.jpg;apartment-05.jpg;apartment-06.jpg	true	false	1.9	apartment	5	2	97588	Towels;Washer	Roland Disney	freedom@pisem.local	b2f2420a-c36a-4274-a6b3-5b3dfa0b9805	basic	avatar-max.jpg
Canal View Prinsengracht	The building is green and from 18th century	2024-05-06T18:14:10.866Z	Hamburg	52.36854	4.887976	apartment-01.jpg	apartment-01.jpg;apartment-02.jpg;apartment-03.jpg;apartment-04.jpg;apartment-05.jpg;apartment-06.jpg	true	true	4.2	apartment	6	7	33246	Breakfast;Fridge;Laptop friendly workspace;Towels;Washer	Oleg Sidorov	author@mir.local	5dcdae23-2b79-44d0-b778-84553a2bcd81	basic	avatar-angelina.jpg
Beautiful & luxurious apartment at great location	The building is green and from 18th century	2024-05-11T18:14:10.866Z	Hamburg	48.85761	2.358499	apartment-02.jpg	apartment-01.jpg;apartment-02.jpg;apartment-03.jpg;apartment-04.jpg;apartment-05.jpg;apartment-06.jpg	true	false	2.5	house	8	8	36427	Washer	Jack Torrens	test@pisem.local	bdc73186-3bad-488c-947f-e0760a451e8b	basic	photo.jpg
House in countryside	A quiet cozy and picturesque that hides behind a a river by the unique lightness of Amsterdam.	2024-05-07T18:14:10.866Z	Dusseldorf	53.550341	10.000654	apartment-06.jpg	apartment-01.jpg;apartment-02.jpg;apartment-03.jpg;apartment-04.jpg;apartment-05.jpg;apartment-06.jpg	false	true	5	house	1	1	55129	Baby seat;Breakfast;Fridge;Laptop friendly workspace	John Smith	fish@big.local	5af3ed2d-ad6e-4949-9a11-d75a9a22be10	pro	photo.jpg
Canal View Prinsengracht	A quiet cozy and picturesque that hides behind a a river by the unique lightness of Amsterdam.	2024-05-07T18:14:10.866Z	Dusseldorf	52.36854	4.887976	apartment-02.jpg	apartment-01.jpg;apartment-02.jpg;apartment-03.jpg;apartment-04.jpg;apartment-05.jpg;apartment-06.jpg	false	false	2.4	house	7	8	48615	Breakfast;Fridge;Laptop friendly workspace;Towels;Washer	Oleg Sidorov	freedom@pisem.local	1e3b523d-f51e-4b15-ad7b-b422bd8de250	pro	avatar-angelina.jpg
Canal View Prinsengracht	A quiet cozy and picturesque that hides behind a a river by the unique lightness of Amsterdam.	2024-05-12T18:14:10.866Z	Cologne	50.846557	4.351697	apartment-04.jpg	apartment-01.jpg;apartment-02.jpg;apartment-03.jpg;apartment-04.jpg;apartment-05.jpg;apartment-06.jpg	true	false	4	house	7	10	91856	Air conditioning;Baby seat;Breakfast	Jack Torrens	test@pisem.local	b2cd877c-fa2b-4275-b5d7-5ea2c83ff80a	pro	avatar-angelina.jpg
The house among olive	The building is green and from 18th century	2024-05-06T18:14:10.866Z	Paris	53.565341	9.978654	apartment-01.jpg	apartment-01.jpg;apartment-02.jpg;apartment-03.jpg;apartment-04.jpg;apartment-05.jpg;apartment-06.jpg	true	true	4.9	room	4	3	37779	Air conditioning;Baby seat;Breakfast;Fridge;Laptop friendly workspace;Towels	Hole Gibnie	author@mir.local	a2208450-e567-42c6-bf66-14b62f86dda9	pro	photo.jpg
Wood and stone place	An independent House, strategically located between Rembrand Square and National Opera, but where the bustle of the city comes to rest in this alley flowery and colorful.	2024-05-07T18:14:10.867Z	Brussels	52.36854	4.887976	apartment-05.jpg	apartment-01.jpg;apartment-02.jpg;apartment-03.jpg;apartment-04.jpg;apartment-05.jpg;apartment-06.jpg	true	true	1.2	hotel	6	7	67941	Fridge;Laptop friendly workspace;Towels	Oleg Sidorov	snow@pisem.local	ce010412-2462-4bf5-9db9-3634c836f38d	pro	photo.jpg
Penthouse, 4-5 rooms + 5 balconies	A quiet cozy and picturesque that hides behind a a river by the unique lightness of Amsterdam.	2024-05-09T18:14:10.867Z	Brussels	50.938361	6.959974	apartment-03.jpg	apartment-01.jpg;apartment-02.jpg;apartment-03.jpg;apartment-04.jpg;apartment-05.jpg;apartment-06.jpg	true	false	2.5	hotel	3	7	96527	Washer	Oleg Sidorov	test@pisem.local	d07a63d6-ea13-40b3-a30b-f571baf7f3b3	pro	photo.jpg
Beautiful & luxurious apartment at great location	The building is green and from 18th century	2024-05-06T18:14:10.867Z	Dusseldorf	52.36854	4.887976	apartment-02.jpg	apartment-01.jpg;apartment-02.jpg;apartment-03.jpg;apartment-04.jpg;apartment-05.jpg;apartment-06.jpg	true	false	2	apartment	6	9	2805	Fridge;Laptop friendly workspace;Towels;Washer	Oleg Sidorov	test@lost.loca	80e57037-9cbd-4706-8e41-a92c92f73755	pro	user.jpg
The house among olive	The building is green and from 18th century	2024-05-06T18:14:10.867Z	Dusseldorf	50.930361	6.937974	apartment-01.jpg	apartment-01.jpg;apartment-02.jpg;apartment-03.jpg;apartment-04.jpg;apartment-05.jpg;apartment-06.jpg	true	false	4.5	apartment	7	4	73400	Air conditioning;Baby seat	Jack Torrens	freedom@pisem.local	f07f48b0-fce3-4736-b951-d475c694415f	pro	avatar-angelina.jpg
Tile House	The building is green and from 18th century	2024-05-10T18:14:10.867Z	Brussels	53.565341	9.978654	apartment-05.jpg	apartment-01.jpg;apartment-02.jpg;apartment-03.jpg;apartment-04.jpg;apartment-05.jpg;apartment-06.jpg	true	false	4.3	house	5	7	30416	Air conditioning;Baby seat;Breakfast;Fridge;Laptop friendly workspace	Hole Gibnie	test@lost.loca	a8a455e4-f0b1-468d-b62e-95e229e2f40c	pro	avatar-angelina.jpg
House in countryside	An independent House, strategically located between Rembrand Square and National Opera, but where the bustle of the city comes to rest in this alley flowery and colorful.	2024-05-10T18:14:10.868Z	Hamburg	52.37454	4.897976	apartment-01.jpg	apartment-01.jpg;apartment-02.jpg;apartment-03.jpg;apartment-04.jpg;apartment-05.jpg;apartment-06.jpg	false	true	1.5	hotel	7	4	43441	Breakfast;Fridge;Laptop friendly workspace;Towels	Oleg Sidorov	test@pisem.local	1a4e0720-8d55-4456-b002-82e058a1b0a3	basic	awesome-avatar.jpg
Tile House	The building is green and from 18th century	2024-05-12T18:14:10.868Z	Cologne	50.930361	6.937974	apartment-03.jpg	apartment-01.jpg;apartment-02.jpg;apartment-03.jpg;apartment-04.jpg;apartment-05.jpg;apartment-06.jpg	false	true	2.2	room	4	1	21314	Breakfast;Fridge;Laptop friendly workspace;Towels;Washer	Oleg Sidorov	test@pisem.local	3ac0f359-e75d-417d-9383-c5101c932bf4	basic	user.jpg
The house among olive	An independent House, strategically located between Rembrand Square and National Opera, but where the bustle of the city comes to rest in this alley flowery and colorful.	2024-05-06T18:14:10.868Z	Cologne	52.37454	4.897976	apartment-02.jpg	apartment-01.jpg;apartment-02.jpg;apartment-03.jpg;apartment-04.jpg;apartment-05.jpg;apartment-06.jpg	false	true	3.1	hotel	3	7	89582	Breakfast;Fridge;Laptop friendly workspace;Towels;Washer	Oleg Sidorov	rolan@pochta.local	da528cb1-0ea5-4213-bd21-dd67fd70b262	basic	awesome-avatar.jpg
House in countryside	The building is green and from 18th century	2024-05-08T18:14:10.874Z	Paris	52.36854	4.887976	apartment-03.jpg	apartment-01.jpg;apartment-02.jpg;apartment-03.jpg;apartment-04.jpg;apartment-05.jpg;apartment-06.jpg	false	true	2.9	hotel	4	5	71600	Laptop friendly workspace;Towels;Washer	Oleg Sidorov	author@mir.local	14cf34e6-e830-4620-bd2f-bd32248b22cd	pro	user.jpg
House in countryside	The building is green and from 18th century	2024-05-09T18:14:10.875Z	Hamburg	53.550341	10.000654	apartment-05.jpg	apartment-01.jpg;apartment-02.jpg;apartment-03.jpg;apartment-04.jpg;apartment-05.jpg;apartment-06.jpg	false	true	1.4	room	3	7	69895	Baby seat;Breakfast;Fridge;Laptop friendly workspace	Jack Torrens	test@pisem.local	cb150091-2824-4bef-8ed6-56a2e5a09f8b	basic	avatar-max.jpg
Wood and stone place	The building is green and from 18th century	2024-05-11T18:14:10.875Z	Hamburg	50.930361	6.937974	apartment-04.jpg	apartment-01.jpg;apartment-02.jpg;apartment-03.jpg;apartment-04.jpg;apartment-05.jpg;apartment-06.jpg	true	true	4.7	house	4	8	28404	Laptop friendly workspace;Towels;Washer	Oleg Sidorov	rolan@pochta.local	985b7138-8124-481f-9328-352d174ec012	basic	awesome-avatar.jpg
House in countryside	A quiet cozy and picturesque that hides behind a a river by the unique lightness of Amsterdam.	2024-05-11T18:14:10.876Z	Cologne	51.225402	6.776314	apartment-03.jpg	apartment-01.jpg;apartment-02.jpg;apartment-03.jpg;apartment-04.jpg;apartment-05.jpg;apartment-06.jpg	true	false	3.7	hotel	4	9	67818	Fridge;Laptop friendly workspace;Towels;Washer	Hole Gibnie	test@pisem.local	ab540255-5f72-42c3-a984-2c263da501c4	basic	avatar-angelina.jpg
Wood and stone place	The building is green and from 18th century	2024-05-07T18:14:10.876Z	Cologne	53.565341	9.978654	apartment-03.jpg	apartment-01.jpg;apartment-02.jpg;apartment-03.jpg;apartment-04.jpg;apartment-05.jpg;apartment-06.jpg	true	true	1.6	house	5	5	4159	Towels;Washer	Ivan Ivanov	test@lost.loca	3ee1d6e7-cb87-4ae1-824e-47c16a7edae5	basic	avatar-angelina.jpg
Wood and stone place	The building is green and from 18th century	2024-05-12T18:14:10.876Z	Dusseldorf	53.550341	10.000654	apartment-01.jpg	apartment-01.jpg;apartment-02.jpg;apartment-03.jpg;apartment-04.jpg;apartment-05.jpg;apartment-06.jpg	true	false	3.1	hotel	3	3	43045	Breakfast;Fridge;Laptop friendly workspace;Towels;Washer	Oleg Sidorov	fish@big.local	41361666-d3d5-4c19-80b9-6c4a14f8b04d	basic	awesome-avatar.jpg
Wood and stone place	An independent House, strategically located between Rembrand Square and National Opera, but where the bustle of the city comes to rest in this alley flowery and colorful.	2024-05-07T18:14:10.876Z	Dusseldorf	53.550341	10.000654	apartment-02.jpg	apartment-01.jpg;apartment-02.jpg;apartment-03.jpg;apartment-04.jpg;apartment-05.jpg;apartment-06.jpg	true	false	1.7	room	5	2	67401	Breakfast;Fridge;Laptop friendly workspace;Towels;Washer	Oleg Sidorov	president@dka.local	dc183a05-2ecd-4eb5-9d83-8d7cbb5e3447	pro	awesome-avatar.jpg
Canal View Prinsengracht	An independent House, strategically located between Rembrand Square and National Opera, but where the bustle of the city comes to rest in this alley flowery and colorful.	2024-05-12T18:14:10.876Z	Cologne	53.550341	10.000654	apartment-05.jpg	apartment-01.jpg;apartment-02.jpg;apartment-03.jpg;apartment-04.jpg;apartment-05.jpg;apartment-06.jpg	true	true	3.5	room	6	4	13863	Baby seat;Breakfast	Hole Gibnie	president@dka.local	9f6c0835-d610-4735-9ce5-e16ad1dcb108	basic	awesome-avatar.jpg
The house among olive	A quiet cozy and picturesque that hides behind a a river by the unique lightness of Amsterdam.	2024-05-09T18:14:10.877Z	Cologne	50.938361	6.959974	apartment-02.jpg	apartment-01.jpg;apartment-02.jpg;apartment-03.jpg;apartment-04.jpg;apartment-05.jpg;apartment-06.jpg	false	true	3.6	apartment	6	9	22240	Breakfast;Fridge;Laptop friendly workspace;Towels	Oleg Sidorov	president@dka.local	e6c04a04-bcc1-450b-a456-9c7e06590ecf	pro	photo.jpg
Loft Studio in the Central Area	A quiet cozy and picturesque that hides behind a a river by the unique lightness of Amsterdam.	2024-05-08T18:14:10.877Z	Hamburg	53.550341	10.000654	apartment-02.jpg	apartment-01.jpg;apartment-02.jpg;apartment-03.jpg;apartment-04.jpg;apartment-05.jpg;apartment-06.jpg	false	false	1.4	hotel	4	3	75819	Towels;Washer	Hole Gibnie	fish@big.local	f044495b-0412-48a0-a661-8999ed986f85	basic	awesome-avatar.jpg
Amazing and Extremely Central Flat	The building is green and from 18th century	2024-05-09T18:14:10.877Z	Dusseldorf	50.930361	6.937974	apartment-04.jpg	apartment-01.jpg;apartment-02.jpg;apartment-03.jpg;apartment-04.jpg;apartment-05.jpg;apartment-06.jpg	true	false	1.9	house	5	7	14507	Breakfast;Fridge	Roland Disney	snow@pisem.local	f5d5e3a3-362f-44d2-b3f5-cb303b887898	pro	avatar-angelina.jpg
Loft Studio in the Central Area	The building is green and from 18th century	2024-05-11T18:14:10.877Z	Hamburg	50.938361	6.959974	apartment-02.jpg	apartment-01.jpg;apartment-02.jpg;apartment-03.jpg;apartment-04.jpg;apartment-05.jpg;apartment-06.jpg	false	true	4.6	house	6	3	31021	Laptop friendly workspace;Towels;Washer	Hole Gibnie	rolan@pochta.local	db328af9-b02a-498b-8ef2-4e709ec43c0a	basic	photo.jpg
Waterfront with extraordinary view	The building is green and from 18th century	2024-05-10T18:14:10.877Z	Cologne	50.846557	4.351697	apartment-06.jpg	apartment-01.jpg;apartment-02.jpg;apartment-03.jpg;apartment-04.jpg;apartment-05.jpg;apartment-06.jpg	true	true	4.2	house	3	8	84284	Baby seat;Breakfast;Fridge	Hole Gibnie	test@pisem.local	89ac4e04-8a49-41bf-86c1-d8b93ca21b8b	pro	photo.jpg
Amazing and Extremely Central Flat	The building is green and from 18th century	2024-05-07T18:14:10.878Z	Dusseldorf	50.938361	6.959974	apartment-06.jpg	apartment-01.jpg;apartment-02.jpg;apartment-03.jpg;apartment-04.jpg;apartment-05.jpg;apartment-06.jpg	true	true	3.4	house	3	4	7896	Laptop friendly workspace;Towels;Washer	Hole Gibnie	author@mir.local	5e88ccd2-8243-4dbb-803a-a5de16676e93	pro	photo.jpg
Tile House	An independent House, strategically located between Rembrand Square and National Opera, but where the bustle of the city comes to rest in this alley flowery and colorful.	2024-05-09T18:14:10.878Z	Paris	48.85761	2.358499	apartment-06.jpg	apartment-01.jpg;apartment-02.jpg;apartment-03.jpg;apartment-04.jpg;apartment-05.jpg;apartment-06.jpg	true	true	3.6	hotel	2	6	66606	Breakfast;Fridge;Laptop friendly workspace	John Smith	fish@big.local	de91b40b-ccfa-4980-a1b1-272fd7770f2d	pro	awesome-avatar.jpg
Tile House	The building is green and from 18th century	2024-05-09T18:14:10.878Z	Cologne	48.85661	2.351499	apartment-02.jpg	apartment-01.jpg;apartment-02.jpg;apartment-03.jpg;apartment-04.jpg;apartment-05.jpg;apartment-06.jpg	false	false	2.3	room	2	8	52446	Air conditioning;Baby seat;Breakfast	Jack Torrens	fish@big.local	15db3b47-cca1-4583-af98-a7e6beb2c997	pro	avatar-max.jpg
Amazing and Extremely Central Flat	An independent House, strategically located between Rembrand Square and National Opera, but where the bustle of the city comes to rest in this alley flowery and colorful.	2024-05-11T18:14:10.878Z	Brussels	51.225402	6.776314	apartment-03.jpg	apartment-01.jpg;apartment-02.jpg;apartment-03.jpg;apartment-04.jpg;apartment-05.jpg;apartment-06.jpg	false	true	1.9	room	8	4	59749	Laptop friendly workspace;Towels;Washer	John Smith	freedom@pisem.local	16492275-4ef9-41c8-b4e4-ff05ba2c03da	pro	awesome-avatar.jpg
Amazing and Extremely Central Flat	A quiet cozy and picturesque that hides behind a a river by the unique lightness of Amsterdam.	2024-05-07T18:14:10.878Z	Dusseldorf	50.930361	6.937974	apartment-06.jpg	apartment-01.jpg;apartment-02.jpg;apartment-03.jpg;apartment-04.jpg;apartment-05.jpg;apartment-06.jpg	true	false	2.2	house	6	7	80600	Laptop friendly workspace;Towels;Washer	Hole Gibnie	test@lost.loca	0b8b11eb-764c-4519-a12a-1e24ad6e3ccb	basic	avatar-max.jpg
Canal View Prinsengracht	The building is green and from 18th century	2024-05-08T18:14:10.878Z	Amsterdam	50.827557	4.336697	apartment-02.jpg	apartment-01.jpg;apartment-02.jpg;apartment-03.jpg;apartment-04.jpg;apartment-05.jpg;apartment-06.jpg	false	false	2.7	house	7	6	24363	Baby seat;Breakfast;Fridge	Jack Torrens	rolan@pochta.local	97528927-dd57-42bf-b37a-e42e03b07139	basic	user.jpg
Loft Studio in the Central Area	A quiet cozy and picturesque that hides behind a a river by the unique lightness of Amsterdam.	2024-05-12T18:14:10.878Z	Brussels	50.938361	6.959974	apartment-06.jpg	apartment-01.jpg;apartment-02.jpg;apartment-03.jpg;apartment-04.jpg;apartment-05.jpg;apartment-06.jpg	false	true	4.6	house	2	4	17775	Fridge;Laptop friendly workspace;Towels;Washer	Hole Gibnie	test@pisem.local	04508b79-6f8c-4b69-84f0-06bc8d9f10ae	pro	avatar-angelina.jpg
Waterfront with extraordinary view	A quiet cozy and picturesque that hides behind a a river by the unique lightness of Amsterdam.	2024-05-08T18:14:10.879Z	Dusseldorf	53.550341	10.000654	apartment-06.jpg	apartment-01.jpg;apartment-02.jpg;apartment-03.jpg;apartment-04.jpg;apartment-05.jpg;apartment-06.jpg	false	true	4.5	apartment	6	2	7720	Laptop friendly workspace;Towels;Washer	Hole Gibnie	test@pisem.local	4c7dfdd3-59df-45d5-97a6-96bf5b924be2	basic	awesome-avatar.jpg
Waterfront with extraordinary view	The building is green and from 18th century	2024-05-10T18:14:10.879Z	Amsterdam	53.550341	10.000654	apartment-04.jpg	apartment-01.jpg;apartment-02.jpg;apartment-03.jpg;apartment-04.jpg;apartment-05.jpg;apartment-06.jpg	false	false	2	apartment	5	4	21971	Laptop friendly workspace;Towels;Washer	Roland Disney	kujo-fan@story.local	93ef6685-40a7-4e0e-8714-4135e7d9fbe1	pro	user.jpg
Beautiful & luxurious apartment at great location	The building is green and from 18th century	2024-05-08T18:14:10.879Z	Cologne	51.225402	6.776314	apartment-03.jpg	apartment-01.jpg;apartment-02.jpg;apartment-03.jpg;apartment-04.jpg;apartment-05.jpg;apartment-06.jpg	true	true	1.1	apartment	7	1	41938	Washer	Jack Torrens	freedom@pisem.local	632b3b59-5281-4b02-89f1-806155f6504a	basic	user.jpg
Loft Studio in the Central Area	The building is green and from 18th century	2024-05-09T18:14:10.879Z	Dusseldorf	48.85661	2.351499	apartment-02.jpg	apartment-01.jpg;apartment-02.jpg;apartment-03.jpg;apartment-04.jpg;apartment-05.jpg;apartment-06.jpg	false	false	3	house	6	5	96771	Breakfast;Fridge;Laptop friendly workspace;Towels	Roland Disney	freedom@pisem.local	87d33a30-7227-4760-afc6-2d026e8b50be	pro	photo.jpg
Tile House	A quiet cozy and picturesque that hides behind a a river by the unique lightness of Amsterdam.	2024-05-11T18:14:10.879Z	Dusseldorf	50.846557	4.351697	apartment-05.jpg	apartment-01.jpg;apartment-02.jpg;apartment-03.jpg;apartment-04.jpg;apartment-05.jpg;apartment-06.jpg	false	true	2.7	apartment	3	6	16504	Towels;Washer	Hole Gibnie	author@mir.local	dcd31807-a9f8-4ca2-bb41-9d5319d1700e	basic	awesome-avatar.jpg
Loft Studio in the Central Area	The building is green and from 18th century	2024-05-10T18:14:10.879Z	Hamburg	51.225402	6.776314	apartment-04.jpg	apartment-01.jpg;apartment-02.jpg;apartment-03.jpg;apartment-04.jpg;apartment-05.jpg;apartment-06.jpg	true	false	2.2	hotel	2	4	94684	Fridge;Laptop friendly workspace;Towels;Washer	Oleg Sidorov	test@lost.loca	8dae0411-c58a-419c-8d21-64d40c2207f8	basic	avatar-angelina.jpg
House in countryside	A quiet cozy and picturesque that hides behind a a river by the unique lightness of Amsterdam.	2024-05-07T18:14:10.880Z	Cologne	53.550341	10.000654	apartment-06.jpg	apartment-01.jpg;apartment-02.jpg;apartment-03.jpg;apartment-04.jpg;apartment-05.jpg;apartment-06.jpg	false	false	2.2	hotel	5	3	40672	Laptop friendly workspace;Towels;Washer	Oleg Sidorov	test@pisem.local	37c8a749-626d-4ef1-8704-18e256514ddf	basic	avatar-max.jpg
Beautiful & luxurious apartment at great location	A quiet cozy and picturesque that hides behind a a river by the unique lightness of Amsterdam.	2024-05-07T18:14:10.880Z	Cologne	51.237402	6.797314	apartment-04.jpg	apartment-01.jpg;apartment-02.jpg;apartment-03.jpg;apartment-04.jpg;apartment-05.jpg;apartment-06.jpg	false	false	4.2	apartment	7	6	65462	Fridge;Laptop friendly workspace;Towels;Washer	Jack Torrens	rolan@pochta.local	d345f6d4-3fd5-4e52-bfff-c0ee37d034d2	pro	photo.jpg
Loft Studio in the Central Area	An independent House, strategically located between Rembrand Square and National Opera, but where the bustle of the city comes to rest in this alley flowery and colorful.	2024-05-10T18:14:10.880Z	Cologne	50.827557	4.336697	apartment-01.jpg	apartment-01.jpg;apartment-02.jpg;apartment-03.jpg;apartment-04.jpg;apartment-05.jpg;apartment-06.jpg	false	true	1.3	hotel	4	1	56008	Baby seat;Breakfast;Fridge;Laptop friendly workspace;Towels;Washer	Roland Disney	rolan@pochta.local	afa6319f-a588-4424-acc5-b5d01964030c	pro	user.jpg
Wood and stone place	The building is green and from 18th century	2024-05-08T18:14:10.880Z	Dusseldorf	50.827557	4.336697	apartment-03.jpg	apartment-01.jpg;apartment-02.jpg;apartment-03.jpg;apartment-04.jpg;apartment-05.jpg;apartment-06.jpg	false	true	3.3	hotel	3	3	50154	Breakfast;Fridge;Laptop friendly workspace;Towels;Washer	Jack Torrens	president@dka.local	d3810a9f-0206-4747-8616-41cb9ffd074d	basic	awesome-avatar.jpg
Canal View Prinsengracht	The building is green and from 18th century	2024-05-12T18:14:10.880Z	Cologne	53.565341	9.978654	apartment-03.jpg	apartment-01.jpg;apartment-02.jpg;apartment-03.jpg;apartment-04.jpg;apartment-05.jpg;apartment-06.jpg	true	false	1.7	house	2	2	4042	Fridge;Laptop friendly workspace;Towels;Washer	Roland Disney	test@pisem.local	41419a50-763c-4b8d-847c-b8d66b74c827	basic	user.jpg
Wood and stone place	A quiet cozy and picturesque that hides behind a a river by the unique lightness of Amsterdam.	2024-05-10T18:14:10.880Z	Paris	50.938361	6.959974	apartment-05.jpg	apartment-01.jpg;apartment-02.jpg;apartment-03.jpg;apartment-04.jpg;apartment-05.jpg;apartment-06.jpg	false	false	4.3	house	1	9	26163	Air conditioning	Jack Torrens	freedom@pisem.local	7ab94afc-3745-469e-a6f3-17f27b1d130f	pro	awesome-avatar.jpg
Wood and stone place	An independent House, strategically located between Rembrand Square and National Opera, but where the bustle of the city comes to rest in this alley flowery and colorful.	2024-05-12T18:14:10.881Z	Paris	51.237402	6.797314	apartment-06.jpg	apartment-01.jpg;apartment-02.jpg;apartment-03.jpg;apartment-04.jpg;apartment-05.jpg;apartment-06.jpg	true	false	4	hotel	7	1	92447	Towels;Washer	Roland Disney	fish@big.local	a8c9dcb9-8290-45f9-8890-9f3095cba114	pro	photo.jpg
Canal View Prinsengracht	The building is green and from 18th century	2024-05-07T18:14:10.881Z	Dusseldorf	48.85761	2.358499	apartment-02.jpg	apartment-01.jpg;apartment-02.jpg;apartment-03.jpg;apartment-04.jpg;apartment-05.jpg;apartment-06.jpg	false	false	4.7	apartment	4	10	24192	Breakfast;Fridge;Laptop friendly workspace;Towels;Washer	Roland Disney	rolan@pochta.local	ee20b687-8165-4a4d-a065-13591bd26629	pro	avatar-angelina.jpg
Penthouse, 4-5 rooms + 5 balconies	An independent House, strategically located between Rembrand Square and National Opera, but where the bustle of the city comes to rest in this alley flowery and colorful.	2024-05-09T18:14:10.881Z	Paris	50.938361	6.959974	apartment-03.jpg	apartment-01.jpg;apartment-02.jpg;apartment-03.jpg;apartment-04.jpg;apartment-05.jpg;apartment-06.jpg	false	false	1.2	room	1	6	63482	Washer	Roland Disney	author@mir.local	05765bb1-1aa7-45e3-ae11-c0559966f612	pro	avatar-angelina.jpg
Beautiful & luxurious apartment at great location	The building is green and from 18th century	2024-05-09T18:14:10.881Z	Dusseldorf	52.36854	4.887976	apartment-02.jpg	apartment-01.jpg;apartment-02.jpg;apartment-03.jpg;apartment-04.jpg;apartment-05.jpg;apartment-06.jpg	true	true	4.3	house	2	2	6498	Fridge;Laptop friendly workspace;Towels;Washer	John Smith	freedom@pisem.local	57ed816e-c53f-4f35-98f5-558b710330b1	pro	avatar-angelina.jpg
The house among olive	An independent House, strategically located between Rembrand Square and National Opera, but where the bustle of the city comes to rest in this alley flowery and colorful.	2024-05-09T18:14:10.881Z	Brussels	53.550341	10.000654	apartment-06.jpg	apartment-01.jpg;apartment-02.jpg;apartment-03.jpg;apartment-04.jpg;apartment-05.jpg;apartment-06.jpg	false	true	2	house	6	3	33006	Baby seat;Breakfast	Jack Torrens	test@lost.loca	46ae76c9-3293-4b96-9065-dd2cda51ef45	basic	photo.jpg
House in countryside	An independent House, strategically located between Rembrand Square and National Opera, but where the bustle of the city comes to rest in this alley flowery and colorful.	2024-05-08T18:14:10.881Z	Paris	51.225402	6.776314	apartment-02.jpg	apartment-01.jpg;apartment-02.jpg;apartment-03.jpg;apartment-04.jpg;apartment-05.jpg;apartment-06.jpg	true	true	4.6	room	4	6	93682	Fridge;Laptop friendly workspace;Towels;Washer	Roland Disney	snow@pisem.local	b5df4722-ff82-4cec-a6f5-be79af9ed2cf	pro	avatar-angelina.jpg
Canal View Prinsengracht	An independent House, strategically located between Rembrand Square and National Opera, but where the bustle of the city comes to rest in this alley flowery and colorful.	2024-05-11T18:14:10.883Z	Cologne	52.36854	4.887976	apartment-05.jpg	apartment-01.jpg;apartment-02.jpg;apartment-03.jpg;apartment-04.jpg;apartment-05.jpg;apartment-06.jpg	false	false	1.6	room	1	8	39894	Fridge;Laptop friendly workspace;Towels;Washer	Ivan Ivanov	fish@big.local	a837938f-ecbd-4527-8ae4-52528a22f493	basic	awesome-avatar.jpg
Canal View Prinsengracht	An independent House, strategically located between Rembrand Square and National Opera, but where the bustle of the city comes to rest in this alley flowery and colorful.	2024-05-08T18:14:10.883Z	Dusseldorf	50.930361	6.937974	apartment-04.jpg	apartment-01.jpg;apartment-02.jpg;apartment-03.jpg;apartment-04.jpg;apartment-05.jpg;apartment-06.jpg	false	true	2.2	hotel	6	2	32983	Towels;Washer	John Smith	rolan@pochta.local	e85f29e4-9705-4148-abe9-4443c4208e2b	basic	user.jpg
The house among olive	The building is green and from 18th century	2024-05-07T18:14:10.883Z	Dusseldorf	50.938361	6.959974	apartment-02.jpg	apartment-01.jpg;apartment-02.jpg;apartment-03.jpg;apartment-04.jpg;apartment-05.jpg;apartment-06.jpg	true	true	4	room	8	10	82154	Baby seat;Breakfast;Fridge	Oleg Sidorov	president@dka.local	b4f8f630-777a-4621-b1e2-2d04bddde022	pro	user.jpg
Tile House	An independent House, strategically located between Rembrand Square and National Opera, but where the bustle of the city comes to rest in this alley flowery and colorful.	2024-05-09T18:14:10.883Z	Paris	53.565341	9.978654	apartment-04.jpg	apartment-01.jpg;apartment-02.jpg;apartment-03.jpg;apartment-04.jpg;apartment-05.jpg;apartment-06.jpg	true	false	1.6	house	5	2	69339	Towels;Washer	Jack Torrens	fish@big.local	374385cc-bf52-4641-a677-c9168b50f512	pro	avatar-angelina.jpg
The house among olive	An independent House, strategically located between Rembrand Square and National Opera, but where the bustle of the city comes to rest in this alley flowery and colorful.	2024-05-12T18:14:10.883Z	Brussels	48.85661	2.351499	apartment-06.jpg	apartment-01.jpg;apartment-02.jpg;apartment-03.jpg;apartment-04.jpg;apartment-05.jpg;apartment-06.jpg	true	false	3	apartment	6	5	45101	Fridge;Laptop friendly workspace;Towels;Washer	Jack Torrens	fish@big.local	c81197c4-eddb-4ab3-878f-c58f3de2a33d	basic	avatar-angelina.jpg
Amazing and Extremely Central Flat	The building is green and from 18th century	2024-05-07T18:14:10.884Z	Dusseldorf	48.85661	2.351499	apartment-03.jpg	apartment-01.jpg;apartment-02.jpg;apartment-03.jpg;apartment-04.jpg;apartment-05.jpg;apartment-06.jpg	false	false	1.1	hotel	3	9	1601	Laptop friendly workspace;Towels;Washer	Oleg Sidorov	author@mir.local	bbd740e2-755b-4205-b0b8-2b319a7476c4	basic	avatar-angelina.jpg
Waterfront with extraordinary view	A quiet cozy and picturesque that hides behind a a river by the unique lightness of Amsterdam.	2024-05-12T18:14:10.884Z	Cologne	50.930361	6.937974	apartment-02.jpg	apartment-01.jpg;apartment-02.jpg;apartment-03.jpg;apartment-04.jpg;apartment-05.jpg;apartment-06.jpg	true	false	2	house	8	3	6724	Towels;Washer	Jack Torrens	test@pisem.local	46c645aa-28e3-4694-9578-ede891410fb4	basic	avatar-angelina.jpg
Loft Studio in the Central Area	A quiet cozy and picturesque that hides behind a a river by the unique lightness of Amsterdam.	2024-05-09T18:14:10.884Z	Brussels	51.225402	6.776314	apartment-01.jpg	apartment-01.jpg;apartment-02.jpg;apartment-03.jpg;apartment-04.jpg;apartment-05.jpg;apartment-06.jpg	false	true	2.9	hotel	2	10	27545	Fridge;Laptop friendly workspace;Towels;Washer	Roland Disney	kujo-fan@story.local	541dc584-5acd-4909-bcf9-21283ee96888	basic	user.jpg
Beautiful & luxurious apartment at great location	A quiet cozy and picturesque that hides behind a a river by the unique lightness of Amsterdam.	2024-05-07T18:14:10.884Z	Paris	50.827557	4.336697	apartment-02.jpg	apartment-01.jpg;apartment-02.jpg;apartment-03.jpg;apartment-04.jpg;apartment-05.jpg;apartment-06.jpg	true	true	3.8	room	6	5	56632	Air conditioning;Baby seat	Roland Disney	snow@pisem.local	fffb5c10-cd8f-467a-bd8c-2c36476c9961	basic	photo.jpg
House in countryside	An independent House, strategically located between Rembrand Square and National Opera, but where the bustle of the city comes to rest in this alley flowery and colorful.	2024-05-07T18:14:10.884Z	Dusseldorf	48.85661	2.351499	apartment-04.jpg	apartment-01.jpg;apartment-02.jpg;apartment-03.jpg;apartment-04.jpg;apartment-05.jpg;apartment-06.jpg	true	true	2	apartment	4	7	7735	Towels;Washer	Roland Disney	president@dka.local	29314f5b-9853-4565-978f-d58cf72f81b6	pro	photo.jpg
Waterfront with extraordinary view	The building is green and from 18th century	2024-05-10T18:14:10.884Z	Amsterdam	50.938361	6.959974	apartment-04.jpg	apartment-01.jpg;apartment-02.jpg;apartment-03.jpg;apartment-04.jpg;apartment-05.jpg;apartment-06.jpg	true	true	2	room	2	1	13609	Fridge;Laptop friendly workspace;Towels;Washer	Roland Disney	author@mir.local	81e5d249-ca7f-4cce-bd94-59c0c996e965	basic	avatar-angelina.jpg
Beautiful & luxurious apartment at great location	An independent House, strategically located between Rembrand Square and National Opera, but where the bustle of the city comes to rest in this alley flowery and colorful.	2024-05-11T18:14:10.884Z	Dusseldorf	50.938361	6.959974	apartment-04.jpg	apartment-01.jpg;apartment-02.jpg;apartment-03.jpg;apartment-04.jpg;apartment-05.jpg;apartment-06.jpg	true	false	3.7	house	3	7	85885	Fridge;Laptop friendly workspace;Towels;Washer	Oleg Sidorov	kujo-fan@story.local	324ac482-baad-4c29-8e65-c74a04e2c1c8	basic	photo.jpg
Amazing and Extremely Central Flat	An independent House, strategically located between Rembrand Square and National Opera, but where the bustle of the city comes to rest in this alley flowery and colorful.	2024-05-08T18:14:10.885Z	Amsterdam	51.225402	6.776314	apartment-04.jpg	apartment-01.jpg;apartment-02.jpg;apartment-03.jpg;apartment-04.jpg;apartment-05.jpg;apartment-06.jpg	true	true	4.4	apartment	4	6	61928	Laptop friendly workspace;Towels;Washer	Hole Gibnie	snow@pisem.local	7aef77c3-541c-47d9-b241-16b30215805f	pro	user.jpg
Amazing and Extremely Central Flat	A quiet cozy and picturesque that hides behind a a river by the unique lightness of Amsterdam.	2024-05-10T18:14:10.885Z	Brussels	50.827557	4.336697	apartment-03.jpg	apartment-01.jpg;apartment-02.jpg;apartment-03.jpg;apartment-04.jpg;apartment-05.jpg;apartment-06.jpg	true	false	3.5	house	3	2	53943	Towels;Washer	John Smith	fish@big.local	94e564cb-43f0-462a-a952-91823ff2c408	pro	avatar-angelina.jpg
Loft Studio in the Central Area	A quiet cozy and picturesque that hides behind a a river by the unique lightness of Amsterdam.	2024-05-09T18:14:10.885Z	Hamburg	52.37454	4.897976	apartment-01.jpg	apartment-01.jpg;apartment-02.jpg;apartment-03.jpg;apartment-04.jpg;apartment-05.jpg;apartment-06.jpg	true	false	3.5	room	7	2	21450	Laptop friendly workspace;Towels;Washer	Oleg Sidorov	rolan@pochta.local	b0902453-16de-48bc-b0cd-aac2d5078db0	basic	awesome-avatar.jpg
The house among olive	A quiet cozy and picturesque that hides behind a a river by the unique lightness of Amsterdam.	2024-05-09T18:14:10.885Z	Cologne	51.225402	6.776314	apartment-01.jpg	apartment-01.jpg;apartment-02.jpg;apartment-03.jpg;apartment-04.jpg;apartment-05.jpg;apartment-06.jpg	true	false	2.5	house	2	5	95108	Breakfast;Fridge;Laptop friendly workspace;Towels;Washer	Roland Disney	author@mir.local	a8e148a0-84b3-4fd1-8d17-473adf2c584b	basic	avatar-angelina.jpg
Penthouse, 4-5 rooms + 5 balconies	An independent House, strategically located between Rembrand Square and National Opera, but where the bustle of the city comes to rest in this alley flowery and colorful.	2024-05-08T18:14:10.885Z	Paris	53.565341	9.978654	apartment-04.jpg	apartment-01.jpg;apartment-02.jpg;apartment-03.jpg;apartment-04.jpg;apartment-05.jpg;apartment-06.jpg	false	false	4.9	house	4	3	27601	Fridge;Laptop friendly workspace;Towels;Washer	Jack Torrens	test@lost.loca	111963a1-321c-4284-99b1-aa277cb5e8b0	pro	user.jpg
Waterfront with extraordinary view	An independent House, strategically located between Rembrand Square and National Opera, but where the bustle of the city comes to rest in this alley flowery and colorful.	2024-05-09T18:14:10.885Z	Cologne	48.85661	2.351499	apartment-06.jpg	apartment-01.jpg;apartment-02.jpg;apartment-03.jpg;apartment-04.jpg;apartment-05.jpg;apartment-06.jpg	true	true	4.7	house	3	6	29954	Breakfast;Fridge;Laptop friendly workspace;Towels;Washer	Oleg Sidorov	author@mir.local	be9b1a6f-9112-4b48-94e6-05766f54c23d	basic	photo.jpg
The house among olive	The building is green and from 18th century	2024-05-12T18:14:10.886Z	Hamburg	50.930361	6.937974	apartment-02.jpg	apartment-01.jpg;apartment-02.jpg;apartment-03.jpg;apartment-04.jpg;apartment-05.jpg;apartment-06.jpg	false	true	1.6	house	3	3	44833	Laptop friendly workspace;Towels;Washer	Jack Torrens	fish@big.local	933c625b-549d-4072-9144-3b9477c4e849	pro	awesome-avatar.jpg
Canal View Prinsengracht	An independent House, strategically located between Rembrand Square and National Opera, but where the bustle of the city comes to rest in this alley flowery and colorful.	2024-05-11T18:14:10.886Z	Hamburg	50.938361	6.959974	apartment-04.jpg	apartment-01.jpg;apartment-02.jpg;apartment-03.jpg;apartment-04.jpg;apartment-05.jpg;apartment-06.jpg	true	true	4.6	hotel	5	5	58063	Breakfast;Fridge;Laptop friendly workspace;Towels;Washer	Hole Gibnie	snow@pisem.local	8ee33775-1e72-4e02-b02e-f1dfc9e5d63d	pro	photo.jpg
Waterfront with extraordinary view	The building is green and from 18th century	2024-05-07T18:14:10.886Z	Hamburg	52.36854	4.887976	apartment-05.jpg	apartment-01.jpg;apartment-02.jpg;apartment-03.jpg;apartment-04.jpg;apartment-05.jpg;apartment-06.jpg	false	true	2	house	5	9	90390	Breakfast;Fridge;Laptop friendly workspace;Towels	Jack Torrens	rolan@pochta.local	a42a6d81-3bf3-4569-a795-8b50bc2b9a77	pro	avatar-max.jpg
House in countryside	A quiet cozy and picturesque that hides behind a a river by the unique lightness of Amsterdam.	2024-05-08T18:14:10.886Z	Brussels	53.565341	9.978654	apartment-05.jpg	apartment-01.jpg;apartment-02.jpg;apartment-03.jpg;apartment-04.jpg;apartment-05.jpg;apartment-06.jpg	false	true	1.3	hotel	7	7	81029	Breakfast;Fridge;Laptop friendly workspace	Jack Torrens	snow@pisem.local	eafceb17-08dc-458e-899a-e4174ccd8510	pro	avatar-angelina.jpg
Canal View Prinsengracht	A quiet cozy and picturesque that hides behind a a river by the unique lightness of Amsterdam.	2024-05-11T18:14:10.886Z	Cologne	50.827557	4.336697	apartment-05.jpg	apartment-01.jpg;apartment-02.jpg;apartment-03.jpg;apartment-04.jpg;apartment-05.jpg;apartment-06.jpg	false	true	4.9	room	4	6	64085	Towels;Washer	Roland Disney	president@dka.local	a34575dd-b9af-47d9-b851-6804d3f29f49	pro	photo.jpg
Waterfront with extraordinary view	An independent House, strategically located between Rembrand Square and National Opera, but where the bustle of the city comes to rest in this alley flowery and colorful.	2024-05-08T18:14:10.886Z	Amsterdam	50.930361	6.937974	apartment-02.jpg	apartment-01.jpg;apartment-02.jpg;apartment-03.jpg;apartment-04.jpg;apartment-05.jpg;apartment-06.jpg	true	true	3.5	room	4	8	83587	Towels;Washer	Jack Torrens	test@lost.loca	d3788b9d-638d-4ce8-9ba8-6d47d25fbfd1	pro	photo.jpg
Loft Studio in the Central Area	A quiet cozy and picturesque that hides behind a a river by the unique lightness of Amsterdam.	2024-05-07T18:14:10.886Z	Dusseldorf	53.550341	10.000654	apartment-05.jpg	apartment-01.jpg;apartment-02.jpg;apartment-03.jpg;apartment-04.jpg;apartment-05.jpg;apartment-06.jpg	false	false	1.5	hotel	6	4	29362	Laptop friendly workspace;Towels;Washer	Ivan Ivanov	kujo-fan@story.local	722c71bd-d34d-4139-8f9a-a270b17f6dbd	basic	photo.jpg
Loft Studio in the Central Area	An independent House, strategically located between Rembrand Square and National Opera, but where the bustle of the city comes to rest in this alley flowery and colorful.	2024-05-07T18:14:10.887Z	Amsterdam	53.550341	10.000654	apartment-03.jpg	apartment-01.jpg;apartment-02.jpg;apartment-03.jpg;apartment-04.jpg;apartment-05.jpg;apartment-06.jpg	true	false	2	room	6	9	75822	Washer	Oleg Sidorov	test@pisem.local	c26bde74-ad8f-424b-9ab3-6d431b36c8fb	basic	awesome-avatar.jpg
Penthouse, 4-5 rooms + 5 balconies	The building is green and from 18th century	2024-05-12T18:14:10.887Z	Brussels	53.550341	10.000654	apartment-04.jpg	apartment-01.jpg;apartment-02.jpg;apartment-03.jpg;apartment-04.jpg;apartment-05.jpg;apartment-06.jpg	true	false	1.2	house	4	1	78117	Baby seat;Breakfast	Jack Torrens	kujo-fan@story.local	d9a3b20e-ec41-4884-8ebc-12171d8f4f19	basic	awesome-avatar.jpg
Canal View Prinsengracht	A quiet cozy and picturesque that hides behind a a river by the unique lightness of Amsterdam.	2024-05-12T18:14:10.887Z	Hamburg	50.938361	6.959974	apartment-05.jpg	apartment-01.jpg;apartment-02.jpg;apartment-03.jpg;apartment-04.jpg;apartment-05.jpg;apartment-06.jpg	false	false	1.7	hotel	7	2	73718	Baby seat;Breakfast;Fridge;Laptop friendly workspace	Roland Disney	president@dka.local	e62a4d74-531e-434c-8ca4-d79345d97868	basic	avatar-angelina.jpg
House in countryside	The building is green and from 18th century	2024-05-11T18:14:10.887Z	Hamburg	50.827557	4.336697	apartment-04.jpg	apartment-01.jpg;apartment-02.jpg;apartment-03.jpg;apartment-04.jpg;apartment-05.jpg;apartment-06.jpg	false	false	1.2	house	1	10	80361	Breakfast;Fridge;Laptop friendly workspace;Towels;Washer	Oleg Sidorov	fish@big.local	9ab5b7b2-675a-4784-b0cc-860594f9493f	basic	user.jpg
The house among olive	The building is green and from 18th century	2024-05-10T18:14:10.887Z	Brussels	50.827557	4.336697	apartment-03.jpg	apartment-01.jpg;apartment-02.jpg;apartment-03.jpg;apartment-04.jpg;apartment-05.jpg;apartment-06.jpg	true	true	2.9	house	7	10	61065	Laptop friendly workspace;Towels;Washer	Ivan Ivanov	rolan@pochta.local	c2e041ae-58bd-4a66-83ce-23024ac4053a	pro	avatar-max.jpg
Waterfront with extraordinary view	An independent House, strategically located between Rembrand Square and National Opera, but where the bustle of the city comes to rest in this alley flowery and colorful.	2024-05-12T18:14:10.887Z	Dusseldorf	50.930361	6.937974	apartment-04.jpg	apartment-01.jpg;apartment-02.jpg;apartment-03.jpg;apartment-04.jpg;apartment-05.jpg;apartment-06.jpg	true	true	4.2	apartment	6	7	99196	Washer	John Smith	author@mir.local	30928fc8-2ad3-4631-88c0-6c89afe0dadf	basic	avatar-angelina.jpg
Amazing and Extremely Central Flat	The building is green and from 18th century	2024-05-10T18:14:10.887Z	Brussels	53.550341	10.000654	apartment-06.jpg	apartment-01.jpg;apartment-02.jpg;apartment-03.jpg;apartment-04.jpg;apartment-05.jpg;apartment-06.jpg	true	false	4	house	1	6	51789	Baby seat;Breakfast;Fridge	Jack Torrens	rolan@pochta.local	c1ced96b-c60f-44ee-bc8c-ff68a1153412	basic	awesome-avatar.jpg
Beautiful & luxurious apartment at great location	A quiet cozy and picturesque that hides behind a a river by the unique lightness of Amsterdam.	2024-05-09T18:14:10.888Z	Amsterdam	52.37454	4.897976	apartment-06.jpg	apartment-01.jpg;apartment-02.jpg;apartment-03.jpg;apartment-04.jpg;apartment-05.jpg;apartment-06.jpg	false	false	3.7	house	7	10	32151	Towels;Washer	Jack Torrens	test@lost.loca	2ea9ed4a-0191-453c-a7dd-aa76dca93d80	pro	photo.jpg
Tile House	An independent House, strategically located between Rembrand Square and National Opera, but where the bustle of the city comes to rest in this alley flowery and colorful.	2024-05-12T18:14:10.888Z	Amsterdam	51.225402	6.776314	apartment-05.jpg	apartment-01.jpg;apartment-02.jpg;apartment-03.jpg;apartment-04.jpg;apartment-05.jpg;apartment-06.jpg	false	false	1.1	hotel	5	6	28875	Fridge;Laptop friendly workspace;Towels;Washer	Jack Torrens	author@mir.local	575c64b2-4a98-4a26-9d15-248ff678c39c	pro	photo.jpg
Penthouse, 4-5 rooms + 5 balconies	A quiet cozy and picturesque that hides behind a a river by the unique lightness of Amsterdam.	2024-05-11T18:14:10.888Z	Hamburg	53.565341	9.978654	apartment-04.jpg	apartment-01.jpg;apartment-02.jpg;apartment-03.jpg;apartment-04.jpg;apartment-05.jpg;apartment-06.jpg	false	false	4.4	hotel	8	7	1326	Baby seat;Breakfast;Fridge;Laptop friendly workspace;Towels;Washer	Roland Disney	snow@pisem.local	ec9eebc8-bbf0-45db-a074-6acf26e68315	pro	photo.jpg
Canal View Prinsengracht	An independent House, strategically located between Rembrand Square and National Opera, but where the bustle of the city comes to rest in this alley flowery and colorful.	2024-05-07T18:14:10.888Z	Cologne	51.225402	6.776314	apartment-01.jpg	apartment-01.jpg;apartment-02.jpg;apartment-03.jpg;apartment-04.jpg;apartment-05.jpg;apartment-06.jpg	true	false	4.9	apartment	3	4	53973	Air conditioning;Baby seat;Breakfast;Fridge;Laptop friendly workspace;Towels	Ivan Ivanov	kujo-fan@story.local	15c6db1f-983d-46f1-bb73-af74c3d58d50	pro	avatar-angelina.jpg
Beautiful & luxurious apartment at great location	The building is green and from 18th century	2024-05-06T18:14:10.889Z	Brussels	50.846557	4.351697	apartment-04.jpg	apartment-01.jpg;apartment-02.jpg;apartment-03.jpg;apartment-04.jpg;apartment-05.jpg;apartment-06.jpg	false	true	2.3	house	7	8	17530	Towels;Washer	Hole Gibnie	kujo-fan@story.local	291453ae-3f2b-419f-99c5-db41f310f8bd	basic	photo.jpg
House in countryside	The building is green and from 18th century	2024-05-07T18:14:10.889Z	Dusseldorf	53.550341	10.000654	apartment-04.jpg	apartment-01.jpg;apartment-02.jpg;apartment-03.jpg;apartment-04.jpg;apartment-05.jpg;apartment-06.jpg	true	true	2.6	apartment	4	7	96531	Fridge;Laptop friendly workspace;Towels;Washer	Jack Torrens	snow@pisem.local	50cf15ae-5a61-4fb6-9a4b-1587e1b5f172	basic	avatar-max.jpg
House in countryside	An independent House, strategically located between Rembrand Square and National Opera, but where the bustle of the city comes to rest in this alley flowery and colorful.	2024-05-10T18:14:10.889Z	Hamburg	53.550341	10.000654	apartment-02.jpg	apartment-01.jpg;apartment-02.jpg;apartment-03.jpg;apartment-04.jpg;apartment-05.jpg;apartment-06.jpg	true	true	4	hotel	2	8	47567	Laptop friendly workspace;Towels;Washer	Ivan Ivanov	fish@big.local	7ffcb3db-afde-4285-856a-8e018b7ac35c	basic	avatar-max.jpg
Amazing and Extremely Central Flat	A quiet cozy and picturesque that hides behind a a river by the unique lightness of Amsterdam.	2024-05-11T18:14:10.889Z	Dusseldorf	52.37454	4.897976	apartment-02.jpg	apartment-01.jpg;apartment-02.jpg;apartment-03.jpg;apartment-04.jpg;apartment-05.jpg;apartment-06.jpg	true	true	4.5	house	6	5	47918	Laptop friendly workspace;Towels;Washer	Roland Disney	freedom@pisem.local	d8651e99-796d-460b-b664-5081b5c4d1e3	pro	avatar-angelina.jpg
House in countryside	The building is green and from 18th century	2024-05-07T18:14:10.889Z	Dusseldorf	53.565341	9.978654	apartment-04.jpg	apartment-01.jpg;apartment-02.jpg;apartment-03.jpg;apartment-04.jpg;apartment-05.jpg;apartment-06.jpg	true	true	4.8	apartment	8	5	11970	Towels;Washer	Hole Gibnie	rolan@pochta.local	e4e5a4e9-7162-45fc-85d4-e50a1da56194	basic	photo.jpg
House in countryside	A quiet cozy and picturesque that hides behind a a river by the unique lightness of Amsterdam.	2024-05-08T18:14:10.890Z	Hamburg	50.846557	4.351697	apartment-04.jpg	apartment-01.jpg;apartment-02.jpg;apartment-03.jpg;apartment-04.jpg;apartment-05.jpg;apartment-06.jpg	true	false	1.3	house	6	6	13255	Baby seat;Breakfast	Hole Gibnie	president@dka.local	8c819489-a24c-4860-8bfe-55db898f05e4	basic	avatar-max.jpg
Tile House	The building is green and from 18th century	2024-05-09T18:14:10.890Z	Hamburg	52.36854	4.887976	apartment-05.jpg	apartment-01.jpg;apartment-02.jpg;apartment-03.jpg;apartment-04.jpg;apartment-05.jpg;apartment-06.jpg	true	true	1.1	hotel	5	2	74835	Washer	Hole Gibnie	kujo-fan@story.local	5b7c0d83-f782-4e99-a869-e1eb4f4ce691	pro	avatar-angelina.jpg
Amazing and Extremely Central Flat	An independent House, strategically located between Rembrand Square and National Opera, but where the bustle of the city comes to rest in this alley flowery and colorful.	2024-05-11T18:14:10.890Z	Dusseldorf	48.85761	2.358499	apartment-01.jpg	apartment-01.jpg;apartment-02.jpg;apartment-03.jpg;apartment-04.jpg;apartment-05.jpg;apartment-06.jpg	false	true	2.7	room	5	8	12921	Breakfast;Fridge;Laptop friendly workspace	Roland Disney	fish@big.local	795a7b5a-a5e9-4d9f-a2ce-006b87d5b50a	basic	awesome-avatar.jpg
Beautiful & luxurious apartment at great location	The building is green and from 18th century	2024-05-08T18:14:10.890Z	Brussels	51.225402	6.776314	apartment-04.jpg	apartment-01.jpg;apartment-02.jpg;apartment-03.jpg;apartment-04.jpg;apartment-05.jpg;apartment-06.jpg	false	false	2.3	hotel	2	7	63864	Laptop friendly workspace;Towels;Washer	Jack Torrens	author@mir.local	941a4019-e199-4438-b8a5-1f3a855d6a84	basic	avatar-angelina.jpg
Loft Studio in the Central Area	An independent House, strategically located between Rembrand Square and National Opera, but where the bustle of the city comes to rest in this alley flowery and colorful.	2024-05-07T18:14:10.890Z	Dusseldorf	48.85761	2.358499	apartment-03.jpg	apartment-01.jpg;apartment-02.jpg;apartment-03.jpg;apartment-04.jpg;apartment-05.jpg;apartment-06.jpg	false	false	1.2	apartment	6	4	39591	Laptop friendly workspace;Towels;Washer	Jack Torrens	fish@big.local	b24eb1a7-757e-4deb-9260-d8d0000da0c4	basic	awesome-avatar.jpg
Tile House	The building is green and from 18th century	2024-05-09T18:14:10.890Z	Paris	52.36854	4.887976	apartment-03.jpg	apartment-01.jpg;apartment-02.jpg;apartment-03.jpg;apartment-04.jpg;apartment-05.jpg;apartment-06.jpg	true	true	3.6	hotel	3	6	35836	Laptop friendly workspace;Towels;Washer	Oleg Sidorov	president@dka.local	f259ef1e-ad2d-4d5c-990e-d73dc0c7a63a	basic	awesome-avatar.jpg
Amazing and Extremely Central Flat	The building is green and from 18th century	2024-05-08T18:14:10.890Z	Cologne	52.37454	4.897976	apartment-03.jpg	apartment-01.jpg;apartment-02.jpg;apartment-03.jpg;apartment-04.jpg;apartment-05.jpg;apartment-06.jpg	true	true	2.2	room	2	6	1747	Fridge;Laptop friendly workspace;Towels;Washer	Ivan Ivanov	test@pisem.local	a85d0e8c-95c1-4501-a852-261b2b53b63d	basic	photo.jpg
Waterfront with extraordinary view	The building is green and from 18th century	2024-05-08T18:14:10.891Z	Dusseldorf	50.846557	4.351697	apartment-05.jpg	apartment-01.jpg;apartment-02.jpg;apartment-03.jpg;apartment-04.jpg;apartment-05.jpg;apartment-06.jpg	false	false	2.7	apartment	3	9	11061	Baby seat;Breakfast;Fridge;Laptop friendly workspace	Roland Disney	test@pisem.local	85b9ea63-16c0-476b-befd-36448158667f	pro	awesome-avatar.jpg
House in countryside	An independent House, strategically located between Rembrand Square and National Opera, but where the bustle of the city comes to rest in this alley flowery and colorful.	2024-05-08T18:14:10.891Z	Brussels	52.36854	4.887976	apartment-05.jpg	apartment-01.jpg;apartment-02.jpg;apartment-03.jpg;apartment-04.jpg;apartment-05.jpg;apartment-06.jpg	true	false	4	room	7	8	34351	Laptop friendly workspace;Towels;Washer	Hole Gibnie	president@dka.local	38485dc8-cb50-4ac8-8f05-c88129c781e2	basic	user.jpg
Canal View Prinsengracht	The building is green and from 18th century	2024-05-11T18:14:10.891Z	Brussels	51.225402	6.776314	apartment-06.jpg	apartment-01.jpg;apartment-02.jpg;apartment-03.jpg;apartment-04.jpg;apartment-05.jpg;apartment-06.jpg	false	true	3.9	apartment	7	3	14861	Washer	Roland Disney	freedom@pisem.local	0f214d9d-9e6d-4f72-8113-5eaae6885d13	basic	avatar-angelina.jpg
Penthouse, 4-5 rooms + 5 balconies	The building is green and from 18th century	2024-05-12T18:14:10.891Z	Hamburg	50.938361	6.959974	apartment-04.jpg	apartment-01.jpg;apartment-02.jpg;apartment-03.jpg;apartment-04.jpg;apartment-05.jpg;apartment-06.jpg	false	true	2	hotel	4	4	6244	Air conditioning;Baby seat;Breakfast;Fridge;Laptop friendly workspace	Roland Disney	test@pisem.local	6b21040b-9322-48c3-81d3-c569dd4378ea	basic	photo.jpg
Wood and stone place	An independent House, strategically located between Rembrand Square and National Opera, but where the bustle of the city comes to rest in this alley flowery and colorful.	2024-05-06T18:14:10.891Z	Cologne	51.225402	6.776314	apartment-01.jpg	apartment-01.jpg;apartment-02.jpg;apartment-03.jpg;apartment-04.jpg;apartment-05.jpg;apartment-06.jpg	true	true	3.4	house	4	6	17575	Baby seat;Breakfast;Fridge;Laptop friendly workspace;Towels	Hole Gibnie	fish@big.local	42d42a58-ec81-4181-a16d-aa262aaf2a39	basic	avatar-angelina.jpg
Waterfront with extraordinary view	The building is green and from 18th century	2024-05-06T18:14:10.891Z	Hamburg	50.827557	4.336697	apartment-06.jpg	apartment-01.jpg;apartment-02.jpg;apartment-03.jpg;apartment-04.jpg;apartment-05.jpg;apartment-06.jpg	true	true	4.7	hotel	5	6	55393	Baby seat;Breakfast;Fridge;Laptop friendly workspace;Towels;Washer	Jack Torrens	president@dka.local	db6be501-d01d-4bdd-bb93-5975240bec3e	pro	avatar-angelina.jpg
House in countryside	A quiet cozy and picturesque that hides behind a a river by the unique lightness of Amsterdam.	2024-05-12T18:14:10.892Z	Dusseldorf	50.846557	4.351697	apartment-01.jpg	apartment-01.jpg;apartment-02.jpg;apartment-03.jpg;apartment-04.jpg;apartment-05.jpg;apartment-06.jpg	false	false	4.3	house	8	6	18540	Breakfast;Fridge	Jack Torrens	test@pisem.local	0ca4b0ae-b4f5-4eeb-ab91-c4c52c8c6d4c	pro	avatar-max.jpg
Waterfront with extraordinary view	A quiet cozy and picturesque that hides behind a a river by the unique lightness of Amsterdam.	2024-05-07T18:14:10.892Z	Amsterdam	51.225402	6.776314	apartment-05.jpg	apartment-01.jpg;apartment-02.jpg;apartment-03.jpg;apartment-04.jpg;apartment-05.jpg;apartment-06.jpg	true	true	3.1	apartment	4	9	44219	Fridge;Laptop friendly workspace;Towels;Washer	Oleg Sidorov	snow@pisem.local	17da45ae-68de-47ca-8123-fc924af06885	basic	photo.jpg
Penthouse, 4-5 rooms + 5 balconies	A quiet cozy and picturesque that hides behind a a river by the unique lightness of Amsterdam.	2024-05-10T18:14:10.892Z	Paris	52.37454	4.897976	apartment-01.jpg	apartment-01.jpg;apartment-02.jpg;apartment-03.jpg;apartment-04.jpg;apartment-05.jpg;apartment-06.jpg	false	true	3.9	hotel	7	10	66769	Washer	Roland Disney	kujo-fan@story.local	a7c74741-70b1-4bff-84d9-19b0545debdb	basic	avatar-angelina.jpg
The house among olive	The building is green and from 18th century	2024-05-06T18:14:10.892Z	Dusseldorf	48.85761	2.358499	apartment-02.jpg	apartment-01.jpg;apartment-02.jpg;apartment-03.jpg;apartment-04.jpg;apartment-05.jpg;apartment-06.jpg	false	true	2.4	house	4	6	99828	Fridge;Laptop friendly workspace;Towels;Washer	Oleg Sidorov	test@lost.loca	7964531a-eede-40e6-8bc9-8602bec588ef	pro	awesome-avatar.jpg
Wood and stone place	A quiet cozy and picturesque that hides behind a a river by the unique lightness of Amsterdam.	2024-05-11T18:14:10.892Z	Dusseldorf	53.565341	9.978654	apartment-06.jpg	apartment-01.jpg;apartment-02.jpg;apartment-03.jpg;apartment-04.jpg;apartment-05.jpg;apartment-06.jpg	true	false	3.3	hotel	5	4	95023	Breakfast;Fridge;Laptop friendly workspace;Towels;Washer	Jack Torrens	rolan@pochta.local	6da4dffe-f67d-4e44-a457-903f70f5c308	basic	avatar-max.jpg
Canal View Prinsengracht	A quiet cozy and picturesque that hides behind a a river by the unique lightness of Amsterdam.	2024-05-09T18:14:10.892Z	Dusseldorf	52.37454	4.897976	apartment-04.jpg	apartment-01.jpg;apartment-02.jpg;apartment-03.jpg;apartment-04.jpg;apartment-05.jpg;apartment-06.jpg	true	true	2.9	hotel	8	2	64706	Towels;Washer	Roland Disney	test@lost.loca	45be07d1-074f-44cc-90bb-7e162634f71a	basic	awesome-avatar.jpg
House in countryside	The building is green and from 18th century	2024-05-08T18:14:10.892Z	Paris	53.565341	9.978654	apartment-03.jpg	apartment-01.jpg;apartment-02.jpg;apartment-03.jpg;apartment-04.jpg;apartment-05.jpg;apartment-06.jpg	true	true	1.8	house	8	9	17821	Baby seat;Breakfast;Fridge	Roland Disney	freedom@pisem.local	12e573cc-e8a6-4a4b-89b6-fb26fd2111ad	basic	user.jpg
Canal View Prinsengracht	The building is green and from 18th century	2024-05-10T18:14:10.893Z	Brussels	53.565341	9.978654	apartment-02.jpg	apartment-01.jpg;apartment-02.jpg;apartment-03.jpg;apartment-04.jpg;apartment-05.jpg;apartment-06.jpg	false	false	1.6	hotel	2	4	1121	Towels;Washer	Roland Disney	author@mir.local	68902366-d794-4846-a60c-44396fc74766	basic	photo.jpg
House in countryside	The building is green and from 18th century	2024-05-07T18:14:10.893Z	Cologne	50.938361	6.959974	apartment-02.jpg	apartment-01.jpg;apartment-02.jpg;apartment-03.jpg;apartment-04.jpg;apartment-05.jpg;apartment-06.jpg	false	false	4.4	room	1	5	28679	Laptop friendly workspace;Towels;Washer	Hole Gibnie	snow@pisem.local	f5403fd1-fd4a-4dde-9c14-4bb1c720534e	pro	avatar-max.jpg
Beautiful & luxurious apartment at great location	The building is green and from 18th century	2024-05-09T18:14:10.893Z	Dusseldorf	53.565341	9.978654	apartment-03.jpg	apartment-01.jpg;apartment-02.jpg;apartment-03.jpg;apartment-04.jpg;apartment-05.jpg;apartment-06.jpg	true	true	4.4	house	6	8	72352	Fridge;Laptop friendly workspace;Towels;Washer	Jack Torrens	president@dka.local	b1c919c6-2084-4018-80ea-b4d8e99d615b	pro	photo.jpg
Wood and stone place	The building is green and from 18th century	2024-05-09T18:14:10.893Z	Brussels	50.938361	6.959974	apartment-01.jpg	apartment-01.jpg;apartment-02.jpg;apartment-03.jpg;apartment-04.jpg;apartment-05.jpg;apartment-06.jpg	false	true	4.2	room	2	6	50203	Fridge;Laptop friendly workspace;Towels	Oleg Sidorov	fish@big.local	4feaf58a-1df2-4516-87d7-49f9a176f32b	basic	awesome-avatar.jpg
Tile House	A quiet cozy and picturesque that hides behind a a river by the unique lightness of Amsterdam.	2024-05-10T18:14:10.893Z	Amsterdam	51.225402	6.776314	apartment-05.jpg	apartment-01.jpg;apartment-02.jpg;apartment-03.jpg;apartment-04.jpg;apartment-05.jpg;apartment-06.jpg	true	false	3.3	room	6	2	24974	Air conditioning;Baby seat;Breakfast;Fridge	Jack Torrens	kujo-fan@story.local	30e1c723-53e2-49d1-a415-51a3c90afb05	pro	user.jpg
Canal View Prinsengracht	The building is green and from 18th century	2024-05-06T18:14:10.893Z	Amsterdam	48.85661	2.351499	apartment-06.jpg	apartment-01.jpg;apartment-02.jpg;apartment-03.jpg;apartment-04.jpg;apartment-05.jpg;apartment-06.jpg	true	true	2	apartment	3	4	68443	Breakfast;Fridge;Laptop friendly workspace	Hole Gibnie	president@dka.local	66a593ef-db3b-4a84-82e6-63b972413f55	basic	awesome-avatar.jpg
Canal View Prinsengracht	An independent House, strategically located between Rembrand Square and National Opera, but where the bustle of the city comes to rest in this alley flowery and colorful.	2024-05-09T18:14:10.894Z	Hamburg	53.565341	9.978654	apartment-01.jpg	apartment-01.jpg;apartment-02.jpg;apartment-03.jpg;apartment-04.jpg;apartment-05.jpg;apartment-06.jpg	false	true	2.8	hotel	3	10	99228	Air conditioning;Baby seat;Breakfast;Fridge	Jack Torrens	president@dka.local	37799f5a-2eed-47d9-a29e-971f314c114f	pro	awesome-avatar.jpg
Loft Studio in the Central Area	An independent House, strategically located between Rembrand Square and National Opera, but where the bustle of the city comes to rest in this alley flowery and colorful.	2024-05-11T18:14:10.894Z	Dusseldorf	53.565341	9.978654	apartment-05.jpg	apartment-01.jpg;apartment-02.jpg;apartment-03.jpg;apartment-04.jpg;apartment-05.jpg;apartment-06.jpg	false	false	4.1	room	5	1	79797	Air conditioning;Baby seat;Breakfast;Fridge	Hole Gibnie	test@lost.loca	e86f5a7c-2834-4e2d-92d2-7c465b6f00d7	pro	awesome-avatar.jpg
The house among olive	A quiet cozy and picturesque that hides behind a a river by the unique lightness of Amsterdam.	2024-05-09T18:14:10.894Z	Hamburg	50.846557	4.351697	apartment-03.jpg	apartment-01.jpg;apartment-02.jpg;apartment-03.jpg;apartment-04.jpg;apartment-05.jpg;apartment-06.jpg	false	false	2.7	house	6	7	57021	Laptop friendly workspace;Towels;Washer	Roland Disney	test@pisem.local	86f9a8db-1f05-4b60-a5af-bd8736db602d	basic	user.jpg
The house among olive	The building is green and from 18th century	2024-05-10T18:14:10.894Z	Dusseldorf	53.550341	10.000654	apartment-02.jpg	apartment-01.jpg;apartment-02.jpg;apartment-03.jpg;apartment-04.jpg;apartment-05.jpg;apartment-06.jpg	true	true	3.4	house	3	7	22501	Laptop friendly workspace;Towels;Washer	John Smith	test@pisem.local	4922436b-ef2b-41a5-8dc0-5d2bec3323ac	basic	avatar-angelina.jpg
Loft Studio in the Central Area	A quiet cozy and picturesque that hides behind a a river by the unique lightness of Amsterdam.	2024-05-11T18:14:10.894Z	Hamburg	50.827557	4.336697	apartment-05.jpg	apartment-01.jpg;apartment-02.jpg;apartment-03.jpg;apartment-04.jpg;apartment-05.jpg;apartment-06.jpg	false	true	1.5	apartment	5	4	82860	Washer	Hole Gibnie	rolan@pochta.local	ebfc4fec-cf19-47a1-8e70-a82ea34901ff	pro	user.jpg
Beautiful & luxurious apartment at great location	An independent House, strategically located between Rembrand Square and National Opera, but where the bustle of the city comes to rest in this alley flowery and colorful.	2024-05-08T18:14:10.894Z	Dusseldorf	50.930361	6.937974	apartment-03.jpg	apartment-01.jpg;apartment-02.jpg;apartment-03.jpg;apartment-04.jpg;apartment-05.jpg;apartment-06.jpg	true	true	4	room	2	2	23142	Washer	Hole Gibnie	test@pisem.local	3255a887-e839-4226-b439-9b66f99bda45	pro	awesome-avatar.jpg
Tile House	A quiet cozy and picturesque that hides behind a a river by the unique lightness of Amsterdam.	2024-05-08T18:14:10.894Z	Hamburg	50.938361	6.959974	apartment-06.jpg	apartment-01.jpg;apartment-02.jpg;apartment-03.jpg;apartment-04.jpg;apartment-05.jpg;apartment-06.jpg	false	false	2.7	room	3	8	58367	Fridge;Laptop friendly workspace;Towels;Washer	John Smith	test@lost.loca	e2f6eec5-ed2b-4f56-ac94-6cd2a26d8a98	basic	avatar-angelina.jpg
